open,high,low,close
7195.24000000,7196.25000000,7175.46000000,7177.02000000
7176.47000000,7230.00000000,7175.71000000,7216.27000000
7215.52000000,7244.87000000,7211.41000000,7242.85000000
7242.66000000,7245.00000000,7220.00000000,7225.01000000
7225.00000000,7230.00000000,7215.03000000,7217.27000000
7217.26000000,7229.76000000,7216.65000000,7224.21000000
7224.24000000,7236.27000000,7221.51000000,7225.62000000
7225.88000000,7232.94000000,7199.11000000,7209.83000000
7209.83000000,7210.00000000,7180.00000000,7200.64000000
7200.29000000,7210.51000000,7188.00000000,7188.77000000
7189.07000000,7210.00000000,7185.20000000,7202.00000000
7202.01000000,7237.73000000,7188.61000000,7197.20000000
7197.20000000,7233.33000000,7196.15000000,7225.59000000
7225.84000000,7231.89000000,7212.88000000,7221.20000000
7221.17000000,7234.97000000,7208.17000000,7221.43000000
7221.60000000,7255.00000000,7218.29000000,7234.19000000
7234.20000000,7246.42000000,7214.00000000,7245.37000000
7244.34000000,7249.99000000,7224.92000000,7236.83000000
7237.02000000,7246.72000000,7225.17000000,7240.67000000
7240.80000000,7241.00000000,7225.49000000,7229.48000000
7229.48000000,7242.98000000,7224.68000000,7236.73000000
7237.26000000,7242.75000000,7227.00000000,7233.17000000
7233.32000000,7234.49000000,7186.00000000,7197.99000000
7197.62000000,7204.17000000,7175.15000000,7200.85000000
7200.77000000,7212.50000000,7185.46000000,7211.02000000
7211.04000000,7211.16000000,7185.11000000,7190.99000000
7190.99000000,7191.00000000,7155.35000000,7169.02000000
7169.04000000,7169.06000000,7120.37000000,7129.61000000
7129.25000000,7161.00000000,7116.70000000,7142.21000000
7142.61000000,7152.05000000,7126.93000000,7138.93000000
